regression_bug_id,regression_perf_tests
1943811,"['console.log-in-loop-content-process-number', 'console.log-in-loop-content-process-document', 'console.log-in-loop-content-process-window']"
1952873,['']
1953355,"['custom.netmonitor.manyrequests.togglepanel', 'custom.netmonitor.manyrequests.requestsFinished.DAMP', 'source-map.SourceMapGenerator-toString.DAMP', 'custom.jsdebugger.pretty-print.reload-and-pause.DAMP', 'custom.jsdebugger.stepInNewSource.DAMP', 'custom.netmonitor.exportHar', 'custom.netmonitor.manyrequests.requestsFinished.DAMP']"
1953828,"['SpeedIndex', 'powerUsage_cpu_package', 'powerUsage_cpu_cores', 'largestContentfulPaint', 'largestContentfulPaint', 'PerceptualSpeedIndex', 'FirstVisualChange', 'loadtime']"
1953453,"['SMART-TAB-TOPIC-cold-start-e2e-init-latency', 'SMART-TAB-TOPIC-cold-start-initialization-latency', 'SMART-TAB-TOPIC-cold-start-pipeline-ready-latency']"
1950127,['']
1949722,"['console.typing', 'console.autocomplete']"
1948956,['SpeedIndex']
1949177,"['startup_about_home_paint_cached', 'ts_paint', 'startup_about_home_paint_cached', 'sessionrestore_no_auto_restore', 'startup_about_home_paint']"
1948688,['custom.jsdebugger.open-large-minified-file.DAMP']
1948687,[]
1946445,"['panelsInBackground.reload.DAMP', 'simple.netmonitor.requestsFinished.DAMP', 'source-map-loader.init.DAMP', 'panelsInBackground.reload.DAMP', 'simple.netmonitor.reload.DAMP', 'panelsInBackground.reload.DAMP', 'custom.jsdebugger.project-search.DAMP', 'custom.jsdebugger.stepIn.DAMP', 'simple.netmonitor.reload.DAMP']"
1949188,"['SpeedIndex', 'LastVisualChange']"
1948684,['custom.inspector.manyrules.deselectnode']
1948013,['XRes']
1948014,['parent-basic-singleton.html']
1948025,"['objects-with-stacks', 'objects-with-stacks']"
1948024,"['memory', 'memory']"
1948021,"['custom.netmonitor.close.DAMP', '']"
1947726,[]
1947725,['']
1947124,"['ContentfulSpeedIndex', 'PerceptualSpeedIndex', 'SpeedIndex', 'LastVisualChange']"
1945683,"['Vanilla-ES2015-TodoMVC/DeletingItems/Sync', 'Nth pseudo classes/Adding classes - 2/Async', 'Vanilla-ES2015-TodoMVC/DeletingItems/Async']"
1947292,"['Nth pseudo classes/Adding classes - 1', 'Sibling combinators/Adding leaf elements - 2', 'Sibling combinators/Adding leaf elements - 2/Async', 'Descendant and child combinators/Removing classes - 2']"
1947708,"['Nth pseudo classes/Adding classes - 2/Sync', 'FirstVisualChange']"
1946766,['']
1947123,['largestContentfulPaint']
1947508,"['TodoMVC-Preact-Complex-DOM/Adding100Items/Sync', 'TodoMVC-Preact-Complex-DOM/Adding100Items/Sync']"
1946365,"['console.autocomplete.longInput', 'simple.webconsole.reload.DAMP', 'console.autocomplete', 'console.typing']"
1945741,"['Tabs closed [+30s, forced GC]']"
1946058,"['', '', '']"
1946363,"['console.openwithcache.open.DAMP', 'simple.webconsole.open.DAMP', 'console.log-in-loop-content-process-nan']"
1946359,"['simple.webconsole.open.DAMP', 'console.openwithcache.open.DAMP', 'simple.accessibility.open.DAMP', 'custom.styleeditor.open.DAMP', 'simple.inspector.open.DAMP', 'simple.netmonitor.open.DAMP']"
1946060,['fcp']
1946760,"['React-Stockcharts-SVG/PanTheChart/total', 'React-Stockcharts-SVG/PanTheChart/Sync']"
1945888,['custom.netmonitor.manyrequests.togglepanel']
1945887,['custom.netmonitor.requestsFinished.DAMP']
1945475,['issue11518.pdf']
1944853,['lastFrame']
1944854,['num_static_constructors']
1945465,"['ContentfulSpeedIndex', 'LastVisualChange', 'LastVisualChange', 'largestContentfulPaint', 'PerceptualSpeedIndex', 'largestContentfulPaint', 'SpeedIndex', 'React-Stockcharts-SVG/PanTheChart/Sync', 'LastVisualChange', 'powerUsage_cpu_package', 'React-Stockcharts-SVG/PanTheChart/total', 'largestContentfulPaint', 'PerceptualSpeedIndex', 'ContentfulSpeedIndex', 'SpeedIndex', 'ContentfulSpeedIndex', 'powerUsage_cpu_cores', 'PerceptualSpeedIndex', 'SpeedIndex']"
1942774,"['complicated.jsdebugger.open.DAMP', 'custom.jsdebugger.open.DAMP']"
1942775,['issue15139.pdf']
1942769,"['words-per-second', 'total-translation-time', 'tokens-per-second', 'total-translation-time', 'words-per-second', 'tokens-per-second']"
1942615,"['num_static_constructors', 'num_static_constructors', 'num_static_constructors', 'num_static_constructors']"
1942628,['Images']
1942266,"['', '']"
1942029,"['', '']"
1941873,"['num_static_constructors', 'num_static_constructors']"
1942268,['base64-SP-Average']
1934856,[]
1940991,['']
1916679,"['Tabs closed [+30s, forced GC]']"
1325876,"['Tabs closed [+30s, forced GC]']"
1939579,[]
1665056,"['largestContentfulPaint', 'FirstVisualChange', 'loadtime', 'SpeedIndex']"
1939018,"['PerceptualSpeedIndex', 'SpeedIndex', 'ContentfulSpeedIndex']"
1883321,['']
1937780,['num_static_constructors']
1937804,['']
1388910,['Editor-TipTap/Highlight/Sync']
1936754,['TodoMVC-Svelte-Complex-DOM/CompletingAllItems/Sync']
1936489,['fcp']
1936233,['']
1769586,['objects-with-stacks']
1935126,"['TodoMVC-React-Complex-DOM/Adding100Items/Async', 'TodoMVC-Angular-Complex-DOM/DeletingAllItems/total', 'TodoMVC-Lit-Complex-DOM/DeletingAllItems/total', 'TodoMVC-Angular-Complex-DOM/CompletingAllItems/Async', 'TodoMVC-Svelte-Complex-DOM/total', 'TodoMVC-React-Complex-DOM/DeletingAllItems/total', 'TodoMVC-Preact-Complex-DOM/DeletingAllItems/Async', 'TodoMVC-Svelte-Complex-DOM/CompletingAllItems/Async', 'TodoMVC-Lit-Complex-DOM/CompletingAllItems/Async', 'TodoMVC-React-Complex-DOM/DeletingAllItems/Async', 'TodoMVC-Svelte-Complex-DOM/Adding100Items/total', 'TodoMVC-Lit-Complex-DOM/CompletingAllItems/total', 'TodoMVC-Lit-Complex-DOM/Adding100Items/Async', 'TodoMVC-Preact-Complex-DOM/Adding100Items/total', 'TodoMVC-JavaScript-ES6-Webpack-Complex-DOM/DeletingAllItems/Async', 'TodoMVC-Angular-Complex-DOM/CompletingAllItems/total', 'TodoMVC-React-Complex-DOM/CompletingAllItems/total', 'TodoMVC-Angular-Complex-DOM/total', 'TodoMVC-Svelte-Complex-DOM/CompletingAllItems/total', 'TodoMVC-Preact-Complex-DOM/DeletingAllItems/total', 'TodoMVC-Lit-Complex-DOM/Adding100Items/Async', 'TodoMVC-Preact-Complex-DOM/total', 'TodoMVC-Lit-Complex-DOM/Adding100Items/total', 'TodoMVC-Angular-Complex-DOM/DeletingAllItems/Async', 'TodoMVC-Angular-Complex-DOM/DeletingAllItems/total', 'TodoMVC-JavaScript-ES6-Webpack-Complex-DOM/DeletingAllItems/total', 'TodoMVC-React-Complex-DOM/Adding100Items/total', 'TodoMVC-Angular-Complex-DOM/DeletingAllItems/Async', 'TodoMVC-React-Complex-DOM/total', 'TodoMVC-React-Complex-DOM/CompletingAllItems/Async', 'TodoMVC-Lit-Complex-DOM/total', 'TodoMVC-Svelte-Complex-DOM/Adding100Items/Async', 'TodoMVC-Preact-Complex-DOM/CompletingAllItems/total', 'TodoMVC-Lit-Complex-DOM/Adding100Items/total', 'TodoMVC-Preact-Complex-DOM/Adding100Items/Async', 'TodoMVC-Preact-Complex-DOM/CompletingAllItems/Async', 'TodoMVC-Preact-Complex-DOM/total', 'TodoMVC-Angular-Complex-DOM/Adding100Items/Async', 'TodoMVC-JavaScript-ES6-Webpack-Complex-DOM/DeletingAllItems/total', 'TodoMVC-Lit-Complex-DOM/DeletingAllItems/Async', 'TodoMVC-JavaScript-ES6-Webpack-Complex-DOM/Adding100Items/Async', 'TodoMVC-JavaScript-ES6-Webpack-Complex-DOM/CompletingAllItems/Async', 'TodoMVC-Svelte-Complex-DOM/DeletingAllItems/Async']"
1934578,['ContentfulSpeedIndex']
1934503,['Charts-chartjs/Show tooltip/Async']
1934501,['Editor-TipTap/Highlight/total']
1930651,['NewsSite-Nuxt/NavigateToWorld/Sync']
1933430,"['', '']"
1933174,[]
1932867,['largestContentfulPaint']
1932838,"['PerceptualSpeedIndex', 'PerceptualSpeedIndex', 'SpeedIndex', 'loadtime', 'powerUsage_cpu_package', 'LastVisualChange', 'ContentfulSpeedIndex', 'SpeedIndex', 'LastVisualChange', 'powerUsage_cpu_package', 'ContentfulSpeedIndex', 'SpeedIndex', 'ContentfulSpeedIndex', 'PerceptualSpeedIndex', 'TodoMVC-Svelte-Complex-DOM/CompletingAllItems/Sync']"
1932349,['EmberJS-TodoMVC/DeletingItems/Async']
1932616,['NewsSite-Nuxt/NavigateToWorld/Sync']
1932110,['']
1932343,['Charts-chartjs/Show tooltip/Sync']
1932342,"['powerUsage_cpu_cores', 'powerUsage_cpu_cores', 'powerUsage_cpu_package', 'powerUsage_cpu_package', 'powerUsage_cpu_cores', 'powerUsage_cpu_cores', 'powerUsage_cpu_cores', 'powerUsage_cpu_package', 'powerUsage_cpu_package', 'powerUsage_cpu_package', 'powerUsage_cpu_package', 'powerUsage_cpu_package', 'powerUsage_cpu_package', 'powerUsage_cpu_cores', 'powerUsage_cpu_cores', 'powerUsage_cpu_cores', 'powerUsage_cpu_package', 'powerUsage_cpu_cores', 'powerUsage_cpu_package', 'powerUsage_cpu_cores', 'powerUsage_cpu_cores', 'powerUsage_cpu_package', 'powerUsage_cpu_package', 'powerUsage_cpu_package', 'powerUsage_cpu_cores', 'powerUsage_cpu_package', 'powerUsage_cpu_cores', 'powerUsage_cpu_package', 'powerUsage_cpu_package', 'powerUsage_cpu_package', 'powerUsage_cpu_package', 'powerUsage_cpu_package', 'powerUsage_cpu_package', 'powerUsage_cpu_cores', 'powerUsage_cpu_package', 'powerUsage_cpu_package', 'powerUsage_cpu_cores', 'powerUsage_cpu_package', 'powerUsage_cpu_cores', 'powerUsage_cpu_package', 'powerUsage_cpu_package', 'powerUsage_cpu_package', 'powerUsage_cpu_package', 'powerUsage_cpu_cores', 'powerUsage_cpu_package', 'powerUsage_cpu_cores', 'powerUsage_cpu_package', 'powerUsage_cpu_cores', 'powerUsage_cpu_package', 'powerUsage_cpu_cores', 'powerUsage_cpu_cores', 'powerUsage_cpu_package', 'powerUsage_cpu_package', 'powerUsage_cpu_package', 'powerUsage_cpu_cores', 'powerUsage_cpu_package', 'powerUsage_cpu_cores', 'powerUsage_cpu_cores', 'powerUsage_cpu_cores', 'powerUsage_cpu_package', 'powerUsage_cpu_package', 'powerUsage_cpu_package', 'powerUsage_cpu_cores', 'powerUsage_cpu_cores', 'powerUsage_cpu_cores', 'powerUsage_cpu_cores', 'powerUsage_cpu_cores', 'powerUsage_cpu_package', 'powerUsage_cpu_cores', 'powerUsage_cpu_cores', 'powerUsage_cpu_package', 'powerUsage_cpu_cores', 'powerUsage_cpu_cores', 'powerUsage_cpu_cores', 'powerUsage_cpu_cores', 'powerUsage_cpu_cores', 'powerUsage_cpu_package', 'powerUsage_cpu_cores', 'powerUsage_cpu_package', 'powerUsage_cpu_cores', 'powerUsage_cpu_cores', 'powerUsage_cpu_cores', 'powerUsage_cpu_package', 'powerUsage_cpu_package', 'powerUsage_cpu_cores', 'powerUsage_cpu_package', 'powerUsage_cpu_package', 'powerUsage_cpu_cores', 'powerUsage_cpu_package', 'powerUsage_cpu_package', 'powerUsage_cpu_package', 'powerUsage_cpu_cores', 'powerUsage_cpu_package', 'powerUsage_cpu_cores', 'powerUsage_cpu_cores', 'powerUsage_cpu_cores', 'powerUsage_cpu_cores', 'powerUsage_cpu_cores', 'powerUsage_cpu_cores', 'powerUsage_cpu_cores', 'powerUsage_cpu_cores', 'powerUsage_cpu_cores', 'powerUsage_cpu_package', 'powerUsage_cpu_package', 'powerUsage_cpu_cores', 'powerUsage_cpu_package', 'powerUsage_cpu_package', 'powerUsage_cpu_package', 'powerUsage_cpu_cores', 'powerUsage_cpu_package', 'powerUsage_cpu_package', 'powerUsage_cpu_cores', 'powerUsage_cpu_cores', 'powerUsage_cpu_cores', 'powerUsage_cpu_package', 'powerUsage_cpu_package', 'powerUsage_cpu_cores', 'powerUsage_cpu_package', 'powerUsage_cpu_package', 'powerUsage_cpu_package', 'powerUsage_cpu_package', 'powerUsage_cpu_package', 'powerUsage_cpu_cores', 'powerUsage_cpu_cores', 'powerUsage_cpu_package', 'powerUsage_cpu_package', 'powerUsage_cpu_package', 'powerUsage_cpu_cores', 'powerUsage_cpu_cores', 'powerUsage_cpu_cores', 'powerUsage_cpu_package', 'powerUsage_cpu_package', 'powerUsage_cpu_cores', 'powerUsage_cpu_package', 'powerUsage_cpu_package', 'powerUsage_cpu_package', 'powerUsage_cpu_cores', 'powerUsage_cpu_package', 'powerUsage_cpu_package', 'powerUsage_cpu_cores', 'powerUsage_cpu_cores', 'powerUsage_cpu_cores', 'powerUsage_cpu_package', 'powerUsage_cpu_package', 'powerUsage_cpu_cores', 'powerUsage_cpu_package', 'powerUsage_cpu_package', 'powerUsage_cpu_cores', 'powerUsage_cpu_cores', 'powerUsage_cpu_cores', 'powerUsage_cpu_cores', 'powerUsage_cpu_package', 'powerUsage_cpu_cores', 'powerUsage_cpu_package', 'powerUsage_cpu_cores', 'powerUsage_cpu_package', 'powerUsage_cpu_cores', 'powerUsage_cpu_cores', 'powerUsage_cpu_package', 'powerUsage_cpu_package', 'powerUsage_cpu_package', 'powerUsage_cpu_cores', 'powerUsage_cpu_cores', 'powerUsage_cpu_cores', 'powerUsage_cpu_cores', 'powerUsage_cpu_package', 'powerUsage_cpu_cores', 'powerUsage_cpu_cores', 'powerUsage_cpu_cores', 'powerUsage_cpu_package', 'powerUsage_cpu_cores', 'powerUsage_cpu_cores', 'powerUsage_cpu_cores', 'powerUsage_cpu_package', 'powerUsage_cpu_cores', 'powerUsage_cpu_cores', 'powerUsage_cpu_cores', 'powerUsage_cpu_cores', 'powerUsage_cpu_package', 'powerUsage_cpu_cores', 'powerUsage_cpu_package', 'powerUsage_cpu_cores', 'powerUsage_cpu_package', 'powerUsage_cpu_package', 'powerUsage_cpu_package', 'powerUsage_cpu_package', 'powerUsage_cpu_package', 'powerUsage_cpu_package', 'powerUsage_cpu_cores', 'powerUsage_cpu_cores', 'powerUsage_cpu_cores', 'powerUsage_cpu_package', 'powerUsage_cpu_package', 'powerUsage_cpu_cores', 'powerUsage_cpu_package', 'powerUsage_cpu_package']"
1932159,"['ContentfulSpeedIndex', 'NewsSite-Next/NavigateToWorld/Sync', 'FirstVisualChange', 'FirstVisualChange', 'NewsSite-Next/NavigateToUS/Sync', 'NewsSite-Nuxt/NavigateToPolitics/Sync', 'NewsSite-Nuxt/NavigateToUS/Sync', 'NewsSite-Nuxt/NavigateToWorld/Sync', 'ContentfulSpeedIndex', 'PerceptualSpeedIndex', 'LastVisualChange']"
1932108,"['', '']"
1931880,"['issue14438.pdf', 'issue15012.pdf', 'issue1721.pdf', 'issue14685.pdf', 'issue14438.pdf', 'issue3062.pdf']"
1927093,['']
1918702,['']
1918226,['']
1922217,['']
1918702,['']
1920230,"['', '']"
1921751,"['', '']"
1918702,"['', '']"
1918702,"['', '']"
1922553,"['', '']"
1594368,"['', '']"
1893966,"['', '']"
1931487,['Charts-chartjs/Show tooltip/Sync']
1931486,[]
1929854,['cpuTimePageload']
1929533,"['', '']"
1909343,['']
1925181,"['TodoMVC-jQuery/Adding100Items/total', 'TodoMVC-Preact-Complex-DOM/Adding100Items/Sync', 'TodoMVC-Svelte-Complex-DOM/total', 'TodoMVC-Svelte-Complex-DOM/Adding100Items/Sync', 'TodoMVC-jQuery/Adding100Items/Sync', 'TodoMVC-Preact-Complex-DOM/DeletingAllItems/Async']"
1927691,"['Vanilla-ES2015-Babel-Webpack-TodoMVC/CompletingAllItems', 'Vanilla-ES2015-Babel-Webpack-TodoMVC/DeletingItems/Sync']"
1927697,[]
1927120,['loadtime']
1929201,[]
1917685,"['', '']"
1927505,['']
1927476,['']
1926981,"['xfa_issue14150.pdf', 'xfa_issue13584.pdf', 'xfa_bug1722038.pdf', 'xfa_issue13994.pdf', 'xfa_issue13597.pdf', 'xfa_issue13679.pdf', 'xfa_issue13855.pdf', 'xfa_issue13556.pdf', 'xfa_bug1717668_3.pdf', 'xfa_bug1717681.pdf', 'xfa_imm1344e.pdf', 'xfa_bug1718725.pdf', 'xfa_bug1718521_1.pdf', 'xfa_bug1716809.pdf', 'xfa_issue13611.pdf', 'visibility_expressions.pdf', 'xfa_bug1717668_4.pdf', 'xfa_bug1718741.pdf', 'simpletype3font.pdf', 'issue6066.pdf', 'xfa_candidate_petitions.pdf', 'annotation-as.pdf', 'xfa_annual_expense_report.pdf', 'xfa_bug1721600.pdf', 'xfa_bug1720888.pdf', 'xfa_hsbc_closure.pdf', 'issue5567.pdf', 'xfa_imm1295e.pdf', 'xfa_annual_voting_survey.pdf', 'xfa_issue13668.pdf', 'xfa_issue13213.pdf', 'bug1123803.pdf', 'issue3351.2.pdf', 'issue17169.pdf', 'issue15139.pdf', 'xfa_bug1717668_2.pdf', 'xfa_fish_licence.pdf', 'xfa_bug1729877.pdf', 'xfa_issue13631.pdf', 'xfa_bug1718053.pdf', 'xfa_filled_imm1344e.pdf', 'xfa_bug1717668_1.pdf', 'xfa_issue13634.pdf', 'xfa_issue14144.pdf', 'xfa_bug1716380.pdf', 'xfa_bug1717805.pdf', 'xfa_bug1735738.pdf', 'xfa_bug1718521_3.pdf', 'stamps.pdf', 'xfa_bug1716816.pdf', 'xfa_issue14071.pdf', 'sizes.pdf', 'wdsg_fitc.pdf', 'xfa_bug1716980.pdf', 'tiling-pattern-box.pdf']"
1925921,['Perf-Dashboard/SelectingRange/Sync']
1924663,"['jstracer.server-performance.DAMP', 'jstracer.debugger-sidebar-performance.DAMP', 'jstracer.webconsole-performance.DAMP', 'jstracer.webconsole-performance.DAMP', 'jstracer.server-performance.DAMP', 'jstracer.debugger-sidebar-performance.DAMP', 'jstracer.server-performance.DAMP', 'jstracer.webconsole-performance.DAMP', 'jstracer.debugger-sidebar-performance.DAMP']"
1926569,"['Editor-TipTap/Highlight/Sync', 'Editor-TipTap/Highlight/total', 'Editor-TipTap/total', 'Editor-TipTap/Long/total']"
1925560,"['Charts-chartjs/Show tooltip/Async', 'Charts-chartjs/Show tooltip/total', 'Charts-chartjs/total']"
1926547,['startup_about_home_paint']
1927440,[]
1924102,[]
1923278,['Perf-Dashboard/SelectingRange/Sync']
1922788,"['TodoMVC-JavaScript-ES5/CompletingAllItems/Async', 'TodoMVC-Vue/CompletingAllItems/Async', 'cpuTimePageload', 'TodoMVC-Lit-Complex-DOM/CompletingAllItems/Async', 'TodoMVC-Svelte-Complex-DOM/total', 'TodoMVC-Svelte-Complex-DOM/DeletingAllItems/total', 'TodoMVC-Lit-Complex-DOM/CompletingAllItems/total']"
1921997,"['PerceptualSpeedIndex', 'SpeedIndex', 'PerceptualSpeedIndex', 'FirstVisualChange', 'SpeedIndex', 'loadtime']"
1923032,['']
1921755,[]
1921995,[]
1920678,['']
1920475,"['LastVisualChange', 'LastVisualChange', 'largestContentfulPaint', 'SpeedIndex']"
1905987,['cpuTime']
1920084,"['NewsSite-Next/NavigateToWorld/Sync', 'NewsSite-Next/NavigateToPolitics/Sync', 'NewsSite-Nuxt/NavigateToUS/total', 'NewsSite-Nuxt/NavigateToPolitics/total', 'NewsSite-Nuxt/NavigateToWorld/total', 'NewsSite-Nuxt/NavigateToWorld/Sync', 'NewsSite-Nuxt/NavigateToUS/Sync', 'NewsSite-Next/NavigateToPolitics/total', 'NewsSite-Next/NavigateToWorld/total', 'NewsSite-Nuxt/NavigateToPolitics/Sync', 'NewsSite-Nuxt/total', 'NewsSite-Next/total', 'NewsSite-Next/total', 'NewsSite-Nuxt/NavigateToPolitics/total', 'NewsSite-Next/NavigateToUS/total']"
1919295,['SpeedIndex']
1920082,['TodoMVC-jQuery/Adding100Items/Sync']
1919487,[]
1919716,"['', '']"
1917628,['TodoMVC-Vue/DeletingAllItems/Sync']
1917623,"['VanillaJS-TodoMVC/Adding100Items', 'VanillaJS-TodoMVC', 'Vanilla-ES2015-Babel-Webpack-TodoMVC', 'jQuery-TodoMVC/DeletingAllItems', 'jQuery-TodoMVC/DeletingAllItems/Sync', 'Vanilla-ES2015-TodoMVC', 'Vanilla-ES2015-TodoMVC', 'jQuery-TodoMVC/Adding100Items', 'jQuery-TodoMVC/CompletingAllItems/Async', 'Vanilla-ES2015-Babel-Webpack-TodoMVC/Adding100Items']"
1917207,['LastVisualChange']
1917593,"['', '']"
1916701,['ContentfulSpeedIndex']
1910593,"['PerceptualSpeedIndex', 'ContentfulSpeedIndex', 'SpeedIndex', 'LastVisualChange']"
1916227,['SpeedIndex']
1916240,['FirstVisualChange']
1913880,['issue9679.pdf']
1916233,['FirstVisualChange']
1915384,['TodoMVC-Backbone/CompletingAllItems/Async']
1912262,"['Nth pseudo classes/Removing classes - 4/Async', 'TodoMVC-JavaScript-ES6-Webpack-Complex-DOM/Adding100Items/Sync', 'TodoMVC-JavaScript-ES6-Webpack-Complex-DOM/Adding100Items/total', 'Descendant and child combinators/Adding leaf elements - 0', 'Before and after pseudo elements/Mutating attributes - 4/Async', 'Sibling combinators/Adding leaf elements - 3/Sync', 'Descendant and child combinators/Removing leaf elements - 1/Sync', 'Descendant and child combinators/Adding leaf elements - 1/Sync', 'Descendant and child combinators/Adding leaf elements - 3/Sync', 'Before and after pseudo elements/Adding leaf elements - 2/Sync', 'Descendant and child combinators/Adding leaf elements - 2/Sync', 'Nth pseudo classes/Removing leaf elements - 0/Sync', 'Before and after pseudo elements/Adding classes - 3/Async', 'Structural pseudo classes/Adding leaf elements - 3/Sync', 'Structural pseudo classes/Removing leaf elements - 2/Sync', 'Descendant and child combinators/Adding classes - 3/Async', 'Before and after pseudo elements/Adding leaf elements - 1/Sync', 'Before and after pseudo elements/Adding leaf elements - 2', 'Descendant and child combinators/Adding leaf elements - 0/Sync', 'Before and after pseudo elements/Removing leaf elements - 4', 'Descendant and child combinators/Removing leaf elements - 4/Sync', 'Before and after pseudo elements/Removing leaf elements - 1', 'Before and after pseudo elements/Removing leaf elements - 2', 'Descendant and child combinators/Removing leaf elements - 3/Sync', 'Nth pseudo classes/Adding leaf elements - 3', 'Before and after pseudo elements/Adding leaf elements - 3/Sync', 'Sibling combinators/Removing leaf elements - 2/Sync', 'Structural pseudo classes/Removing leaf elements - 0/Sync', '', 'Descendant and child combinators/Adding leaf elements - 4/Sync', 'Sibling combinators/Removing leaf elements - 0/Sync', 'Before and after pseudo elements/Removing leaf elements - 0', 'Before and after pseudo elements/Removing leaf elements - 3', 'Sibling combinators/Adding leaf elements - 1/Sync', 'Sibling combinators/Adding leaf elements - 0/Sync', 'Nth pseudo classes/Adding leaf elements - 2/Sync', 'Nth pseudo classes/Removing leaf elements - 4/Sync', 'Vanilla-ES2015-TodoMVC/CompletingAllItems', 'Vanilla-ES2015-TodoMVC/CompletingAllItems/Sync', 'Before and after pseudo elements/Adding leaf elements - 0/Sync', 'Descendant and child combinators/Removing leaf elements - 2/Sync', 'Descendant and child combinators/Adding leaf elements - 4', 'Before and after pseudo elements', 'Descendant and child combinators/Removing leaf elements - 4', 'Descendant and child combinators/Adding classes - 3', 'Descendant and child combinators/Removing leaf elements - 1', 'Before and after pseudo elements/Removing leaf elements - 4/Sync', 'Descendant and child combinators/Removing leaf elements - 0/Sync', 'Before and after pseudo elements/Removing leaf elements - 1/Sync', 'Before and after pseudo elements/Adding classes - 3', 'Before and after pseudo elements/Removing leaf elements - 3/Sync', 'Before and after pseudo elements/Removing leaf elements - 2/Sync', 'Before and after pseudo elements/Adding leaf elements - 3', 'Before and after pseudo elements/Adding leaf elements - 4', 'Before and after pseudo elements/Adding leaf elements - 4/Sync', 'Before and after pseudo elements/Adding leaf elements - 1', 'Before and after pseudo elements/Removing leaf elements - 0/Sync', 'Before and after pseudo elements/Mutating attributes - 4', 'Nth pseudo classes/Adding leaf elements - 4/Sync', 'Descendant and child combinators', 'Nth pseudo classes/Adding leaf elements - 1/Sync', 'Nth pseudo classes/Adding leaf elements - 0/Sync', 'Nth pseudo classes/Adding leaf elements - 3/Sync', 'Nth pseudo classes/Removing leaf elements - 1/Sync', 'Nth pseudo classes/Removing leaf elements - 3/Sync', 'Sibling combinators/Removing leaf elements - 1/Sync', 'Structural pseudo classes/Adding leaf elements - 1/Sync', 'Structural pseudo classes/Adding leaf elements - 2/Sync', 'Nth pseudo classes/Removing leaf elements - 2/Sync', 'Sibling combinators/Removing leaf elements - 3/Sync', 'Structural pseudo classes/Adding leaf elements - 0/Sync', 'Sibling combinators/Removing leaf elements - 4/Sync', 'Sibling combinators/Adding leaf elements - 2/Sync', 'Structural pseudo classes/Removing leaf elements - 3/Sync', 'Structural pseudo classes/Removing leaf elements - 4/Sync', 'Structural pseudo classes/Adding leaf elements - 4/Sync', 'Structural pseudo classes/Removing leaf elements - 1/Sync', 'TodoMVC-JavaScript-ES6-Webpack-Complex-DOM/DeletingAllItems/Sync', 'TodoMVC-JavaScript-ES6-Webpack-Complex-DOM/CompletingAllItems/Sync', 'TodoMVC-Svelte-Complex-DOM/DeletingAllItems/Sync', 'TodoMVC-Svelte-Complex-DOM/CompletingAllItems/Sync', 'Descendant and child combinators/Removing leaf elements - 0', 'TodoMVC-JavaScript-ES6-Webpack-Complex-DOM/CompletingAllItems/total', 'TodoMVC-Preact-Complex-DOM/Adding100Items/Sync', 'TodoMVC-JavaScript-ES6-Webpack-Complex-DOM/DeletingAllItems/total', 'TodoMVC-JavaScript-ES6-Webpack-Complex-DOM/total', 'LastVisualChange', 'LastVisualChange', 'Nth pseudo classes/Removing leaf elements - 4', 'Descendant and child combinators/Removing classes - 0/Async', 'Nth pseudo classes/Removing leaf elements - 0', 'Nth pseudo classes/Removing leaf elements - 0/Async', 'Nth pseudo classes/Adding leaf elements - 3/Async', 'Structural pseudo classes/Removing leaf elements - 0', 'Nth pseudo classes/Adding leaf elements - 2', 'Nth pseudo classes/Removing leaf elements - 4/Async', 'Nth pseudo classes/Removing classes - 0/Async', 'Structural pseudo classes/Removing classes - 0/Async', 'Structural pseudo classes/Removing leaf elements - 4', 'Descendant and child combinators/Removing leaf elements - 2', 'Structural pseudo classes/Adding leaf elements - 0', 'Sibling combinators/Removing classes - 0/Async', 'Nth pseudo classes/Adding leaf elements - 0', 'Structural pseudo classes/Adding leaf elements - 0/Async', 'Nth pseudo classes/Adding leaf elements - 2/Async', 'Structural pseudo classes/Adding leaf elements - 2', 'Structural pseudo classes/Adding leaf elements - 2/Async', 'Nth pseudo classes/Adding leaf elements - 0/Async', 'Descendant and child combinators/Adding classes - 1', 'Structural pseudo classes/Adding classes - 3/Async', 'Vanilla-ES2015-Babel-Webpack-TodoMVC/DeletingItems', 'Vanilla-ES2015-Babel-Webpack-TodoMVC/DeletingItems/Async', 'Vanilla-ES2015-Babel-Webpack-TodoMVC']"
1911512,['']
1909012,['loadtime']
1911532,"['Elm-TodoMVC/CompletingAllItems/Sync', 'AngularJS-TodoMVC/DeletingAllItems/Async']"
1910424,"['Editor-TipTap/Long/Async', 'Editor-TipTap/Long/Async']"
1910420,"['Flight-TodoMVC', 'Flight-TodoMVC/CompletingAllItems']"
1910411,"['fcp', 'Editor-TipTap/Highlight/Async']"
1800882,['TodoMVC-Preact-Complex-DOM/CompletingAllItems/Sync']
1910128,"['NewsSite-Nuxt/NavigateToUS/total', 'NewsSite-Nuxt/NavigateToUS/Sync', 'NewsSite-Nuxt/NavigateToUS/Sync', 'NewsSite-Nuxt/NavigateToUS/Sync', 'NewsSite-Nuxt/NavigateToUS/total', 'NewsSite-Nuxt/NavigateToUS/Sync', 'NewsSite-Nuxt/NavigateToUS/total', 'Charts-observable-plot/Dotted/Async', 'NewsSite-Nuxt/NavigateToWorld/Sync', 'NewsSite-Nuxt/NavigateToUS/total', 'NewsSite-Nuxt/total', 'Charts-observable-plot/Stacked by 20/Async', 'NewsSite-Nuxt/total', 'NewsSite-Nuxt/total']"
1874689,[]
1908379,['']
1908369,['AngularJS-TodoMVC/Adding100Items']
1908058,['']
1908739,"['bug1552113.pdf', 'issue16224.pdf', 'issue15262.pdf', 'annotation-caret-ink.pdf', 'JST2007-5.pdf', 'bug1130815.pdf', 'issue6132.pdf', 'issue13783.pdf', 'issue1257.pdf', 'issue845r.pdf', 'issue13211.pdf', 'bug1650302_reduced.pdf', 'issue5540.pdf', 'issue7180.pdf', 'bug1175962.pdf', 'ShowText-ShadingPattern.pdf', 'bug1250079.pdf', 'ContentStreamNoCycleType3insideType3.pdf', 'issue3064.pdf', 'issue7303.pdf', 'IdentityToUnicodeMap_charCodeOf.pdf', 'issue7828.pdf', 'issue8697.pdf', 'issue10880.pdf', 'issue10084_reduced.pdf', 'franz_2.pdf', 'issue11532.pdf', 'endchar.pdf', 'xfa_bug1717805.pdf', 'unix01.pdf', 'issue1155r.pdf', 'freetext_no_appearance.pdf', 'annotation-freetext.pdf', 'issue2840.pdf', 'issue4573.pdf', 'issue4061.pdf', 'issue1936.pdf', 'issue15784.pdf', 'issue15220.pdf', 'issue2129.pdf', 'issue14917.pdf', 'issue15910.pdf', 'issue1912.pdf', 'issue1810.pdf', 'issue8895.pdf', 'issue9418.pdf', 'issue918.pdf', 'issue7580.pdf', 'issue5946.pdf', 'issue8707.pdf', 'issue8229.pdf', 'issue14415.pdf', 'issue9105_reduced.pdf', 'issue3061.pdf', 'issue11279.pdf', 'issue11016_reduced.pdf', 'glyph_accent.pdf', 'issue10438_reduced.pdf', 'issue1536.pdf', 'bug860632.pdf', 'bug1815476.pdf', 'bug1671312_ArialNarrow.pdf']"
1908359,['TodoMVC-Angular-Complex-DOM/CompletingAllItems/Sync']
1896054,['ContentfulSpeedIndex']
1908328,[]
1907883,"['Vanilla-ES2015-Babel-Webpack-TodoMVC/Adding100Items', 'Vanilla-ES2015-Babel-Webpack-TodoMVC/Adding100Items/Sync', 'BackboneJS-TodoMVC/CompletingAllItems/Sync', 'VanillaJS-TodoMVC/CompletingAllItems/Async', 'jQuery-TodoMVC/Adding100Items/Async', 'Vanilla-ES2015-TodoMVC/Adding100Items/Sync', 'React-TodoMVC/CompletingAllItems/Sync', 'VanillaJS-TodoMVC/DeletingAllItems/Async', 'Structural pseudo classes/Removing leaf elements - 0', 'Inferno-TodoMVC/DeletingItems/Async', 'EmberJS-Debug-TodoMVC/CompletingAllItems/Sync', 'VueJS-TodoMVC/CompletingAllItems/Sync', 'React-Stockcharts-SVG/ZoomTheChart/Sync', 'jQuery-TodoMVC/Adding100Items', 'React-TodoMVC/CompletingAllItems/Async', 'Nth pseudo classes/Removing leaf elements - 0/Sync', 'Sibling combinators/Removing leaf elements - 2/Sync', 'Before and after pseudo elements/Adding leaf elements - 4/Sync', 'Before and after pseudo elements/Removing leaf elements - 3/Sync', 'Sibling combinators/Adding classes - 0', 'PerceptualSpeedIndex', 'Charts-observable-plot/Dotted/Sync', 'NewsSite-Nuxt/NavigateToUS/total', 'Editor-TipTap/Highlight/Sync', 'NewsSite-Nuxt/NavigateToPolitics/Sync', 'Charts-observable-plot/Dotted/total', 'TodoMVC-Angular-Complex-DOM/Adding100Items/Async', 'Perf-Dashboard/SelectingRange/total', 'TodoMVC-Lit-Complex-DOM/DeletingAllItems/Sync', 'TodoMVC-WebComponents/Adding100Items/Async', 'TodoMVC-Angular-Complex-DOM/CompletingAllItems/Async', 'TodoMVC-Vue/DeletingAllItems/Async', 'TodoMVC-jQuery/DeletingAllItems/total', 'TodoMVC-React-Redux/Adding100Items/total', 'TodoMVC-WebComponents/CompletingAllItems/Sync', 'TodoMVC-Vue/CompletingAllItems/total', 'TodoMVC-JavaScript-ES6-Webpack-Complex-DOM/CompletingAllItems/Async', 'TodoMVC-Svelte-Complex-DOM/CompletingAllItems/Async', 'TodoMVC-React-Complex-DOM/Adding100Items/Sync', 'TodoMVC-jQuery/DeletingAllItems/Sync', 'TodoMVC-jQuery/CompletingAllItems/Sync', 'TodoMVC-WebComponents/DeletingAllItems/Sync', 'score', 'Elm-TodoMVC', 'TodoMVC-jQuery/Adding100Items/Async', 'Vanilla-ES2015-Babel-Webpack-TodoMVC', 'TodoMVC-Lit-Complex-DOM/Adding100Items/Sync', 'React-TodoMVC/DeletingAllItems/Async', 'Sibling combinators/Removing leaf elements - 4/Sync', 'loadtime', 'loadtime', 'fcp', 'TodoMVC-JavaScript-ES6-Webpack-Complex-DOM/CompletingAllItems/Sync', 'LastVisualChange', 'TodoMVC-jQuery/CompletingAllItems/total', 'TodoMVC-Svelte-Complex-DOM/Adding100Items/total', 'React-Stockcharts-SVG/ZoomTheChart/total', 'Nth pseudo classes/Removing leaf elements - 3/Sync', 'largestContentfulPaint', 'FirstVisualChange', 'PerceptualSpeedIndex', 'TodoMVC-Lit-Complex-DOM/Adding100Items/total', 'TodoMVC-Backbone/CompletingAllItems/total', 'TodoMVC-React-Redux/total', 'SpeedIndex', 'VanillaJS-TodoMVC/DeletingAllItems', 'loadtime', 'Vanilla-ES2015-Babel-Webpack-TodoMVC/CompletingAllItems', 'TodoMVC-Backbone/DeletingAllItems/Sync', 'Before and after pseudo elements/Removing leaf elements - 2/Sync', 'Descendant and child combinators/Removing leaf elements - 1/Async', 'Sibling combinators/Adding leaf elements - 4/Sync', 'Flight-TodoMVC/CompletingAllItems', 'largestContentfulPaint', 'loadtime', 'PerceptualSpeedIndex', 'NewsSite-Nuxt/NavigateToWorld/total', 'ContentfulSpeedIndex', 'Charts-observable-plot/Stacked by 20/total', 'fcp', 'Preact-TodoMVC/Adding100Items/Sync', 'Elm-TodoMVC/CompletingAllItems/Sync', 'Angular2-TypeScript-TodoMVC/Adding100Items', 'fcp', 'React-TodoMVC/CompletingAllItems', 'LastVisualChange', 'VanillaJS-TodoMVC/Adding100Items/Async', 'VanillaJS-TodoMVC', 'LastVisualChange', 'Structural pseudo classes/Adding leaf elements - 2/Async', 'Descendant and child combinators/Adding leaf elements - 2', 'Nth pseudo classes/Adding leaf elements - 1/Async', 'loadtime', 'AngularJS-TodoMVC/DeletingAllItems', 'TodoMVC-JavaScript-ES5/Adding100Items/Sync', 'SpeedIndex', 'NewsSite-Next/NavigateToPolitics/Async', 'jQuery-TodoMVC', 'FirstVisualChange', '', 'React-Redux-TodoMVC/CompletingAllItems/Sync', 'SpeedIndex', 'TodoMVC-JavaScript-ES5/DeletingAllItems/total', 'React-TodoMVC/DeletingAllItems', 'loadtime', 'Sibling combinators/Removing leaf elements - 1/Sync', 'Nth pseudo classes/Removing leaf elements - 1/Sync', 'Nth pseudo classes/Adding leaf elements - 3', 'jQuery-TodoMVC/CompletingAllItems', 'TodoMVC-Angular-Complex-DOM/total', 'PerceptualSpeedIndex', 'TodoMVC-Svelte-Complex-DOM/CompletingAllItems/total', 'SpeedIndex', 'TodoMVC-Svelte-Complex-DOM/DeletingAllItems/Sync', 'TodoMVC-Backbone/total', 'TodoMVC-JavaScript-ES6-Webpack-Complex-DOM/DeletingAllItems/Sync', 'TodoMVC-Backbone/CompletingAllItems/Async', 'Nth pseudo classes/Removing leaf elements - 2/Sync', 'TodoMVC-jQuery/Adding100Items/total', 'React-TodoMVC/Adding100Items/Async', 'ContentfulSpeedIndex', 'largestContentfulPaint', 'TodoMVC-Angular-Complex-DOM/Adding100Items/Sync', 'TodoMVC-JavaScript-ES6-Webpack-Complex-DOM/total', 'jQuery-TodoMVC/Adding100Items/Sync', 'Structural pseudo classes/Adding classes - 3', 'Structural pseudo classes/Removing leaf elements - 1/Sync', 'Elm-TodoMVC/CompletingAllItems', 'ContentfulSpeedIndex', 'SpeedIndex', 'AngularJS-TodoMVC/CompletingAllItems/Async', 'TodoMVC-Lit-Complex-DOM/CompletingAllItems/total', 'VanillaJS-TodoMVC/CompletingAllItems', 'Vanilla-ES2015-TodoMVC/CompletingAllItems/Async', 'TodoMVC-Lit-Complex-DOM/DeletingAllItems/total', 'SpeedIndex', 'TodoMVC-JavaScript-ES6-Webpack-Complex-DOM/Adding100Items/Sync', 'TodoMVC-JavaScript-ES5/Adding100Items/Async', 'Nth pseudo classes/Adding classes - 0/Async', 'fcp', 'EmberJS-Debug-TodoMVC/Adding100Items', 'LastVisualChange', 'Elm-TodoMVC/Adding100Items/Sync', 'React-Stockcharts-SVG/total', 'FirstVisualChange', 'Inferno-TodoMVC/Adding100Items', 'loadtime', 'ContentfulSpeedIndex', 'largestContentfulPaint', 'VueJS-TodoMVC/DeletingAllItems/Async', 'Vanilla-ES2015-TodoMVC/Adding100Items/Async', 'VueJS-TodoMVC/CompletingAllItems', 'VueJS-TodoMVC/DeletingAllItems', 'Sibling combinators/Removing leaf elements - 0/Sync', 'Descendant and child combinators/Removing leaf elements - 1/Sync', 'Nth pseudo classes/Removing leaf elements - 4/Sync', 'loadtime', 'AngularJS-TodoMVC/DeletingAllItems/Sync', 'TodoMVC-React-Complex-DOM/CompletingAllItems/total', 'PerceptualSpeedIndex', 'PerceptualSpeedIndex', 'TodoMVC-JavaScript-ES6-Webpack-Complex-DOM/DeletingAllItems/Async', 'Vanilla-ES2015-Babel-Webpack-TodoMVC/DeletingItems/Sync', 'Vanilla-ES2015-TodoMVC/Adding100Items', 'TodoMVC-Preact-Complex-DOM/CompletingAllItems/Sync', 'Charts-chartjs/Draw scatter/Sync', 'Descendant and child combinators/Removing leaf elements - 2', 'Nth pseudo classes/Adding classes - 3', 'Sibling combinators/Removing leaf elements - 3/Async', 'React-TodoMVC', 'TodoMVC-JavaScript-ES6-Webpack-Complex-DOM/Adding100Items/total', 'Perf-Dashboard/SelectingRange/Sync', 'TodoMVC-Preact-Complex-DOM/DeletingAllItems/Sync', 'fcp', 'Before and after pseudo elements/Adding leaf elements - 1/Sync', 'Descendant and child combinators/Mutating attributes - 0', 'ContentfulSpeedIndex', 'BackboneJS-TodoMVC/CompletingAllItems/Async', 'TodoMVC-React-Complex-DOM/DeletingAllItems/Sync', 'NewsSite-Nuxt/NavigateToUS/Sync', 'NewsSite-Next/NavigateToWorld/Sync', 'TodoMVC-JavaScript-ES5/total', 'TodoMVC-JavaScript-ES5/Adding100Items/total', 'FirstVisualChange', 'Nth pseudo classes/Adding leaf elements - 2/Sync', 'loadtime', 'SpeedIndex', 'Before and after pseudo elements/Adding leaf elements - 1', 'EmberJS-TodoMVC/CompletingAllItems/Async', 'largestContentfulPaint', 'Vanilla-ES2015-TodoMVC/DeletingItems/Sync', 'jQuery-TodoMVC/CompletingAllItems/Async', 'Before and after pseudo elements/Removing leaf elements - 1/Sync', 'PerceptualSpeedIndex', 'LastVisualChange', 'Structural pseudo classes/Adding leaf elements - 1/Sync', 'LastVisualChange', 'Sibling combinators/Adding leaf elements - 3', 'Flight-TodoMVC/DeletingItems', 'React-Redux-TodoMVC/DeletingItems/Async', 'Charts-observable-plot/total', 'ContentfulSpeedIndex', 'TodoMVC-Preact-Complex-DOM/Adding100Items/Async', 'Elm-TodoMVC/Adding100Items/Async', 'TodoMVC-Backbone/DeletingAllItems/total', 'Perf-Dashboard/Render/Sync', 'TodoMVC-React-Complex-DOM/Adding100Items/Async', 'VanillaJS-TodoMVC/CompletingAllItems/Sync', 'TodoMVC-React-Redux/DeletingAllItems/Sync', 'Charts-observable-plot/Stacked by 20/Async', 'NewsSite-Next/NavigateToPolitics/total', 'TodoMVC-jQuery/CompletingAllItems/Async', 'Nth pseudo classes/Adding leaf elements - 0/Sync', 'Charts-chartjs/Show tooltip/Async', 'TodoMVC-Angular-Complex-DOM/CompletingAllItems/Sync', 'TodoMVC-React-Redux/Adding100Items/Sync', 'NewsSite-Next/NavigateToUS/total', 'Structural pseudo classes/Removing leaf elements - 2/Sync', 'LastVisualChange', 'TodoMVC-Vue/DeletingAllItems/total', 'React-Stockcharts-SVG/PanTheChart/total', 'loadtime', 'TodoMVC-Preact-Complex-DOM/Adding100Items/total', 'Charts-chartjs/Draw opaque scatter/total', 'TodoMVC-React-Redux/Adding100Items/Async', 'TodoMVC-Angular-Complex-DOM/DeletingAllItems/Sync', 'Charts-chartjs/Show tooltip/Sync', 'TodoMVC-React-Redux/DeletingAllItems/total', 'NewsSite-Nuxt/NavigateToWorld/Sync', 'NewsSite-Nuxt/NavigateToPolitics/Async', 'TodoMVC-jQuery/Adding100Items/Sync', 'Structural pseudo classes/Adding classes - 0', 'Nth pseudo classes/Adding leaf elements - 1/Sync', 'Sibling combinators/Removing leaf elements - 3/Sync', 'TodoMVC-Backbone/total', 'NewsSite-Nuxt/NavigateToPolitics/total', 'Inferno-TodoMVC/Adding100Items/Async', 'largestContentfulPaint', 'Descendant and child combinators/Removing leaf elements - 4/Sync', 'Charts-chartjs/Show tooltip/total', '', 'Nth pseudo classes/Adding classes - 0', 'React-Redux-TodoMVC/CompletingAllItems', 'Vanilla-ES2015-TodoMVC', 'TodoMVC-JavaScript-ES6-Webpack-Complex-DOM/CompletingAllItems/total', 'Charts-chartjs/total', 'TodoMVC-React-Complex-DOM/DeletingAllItems/total', 'Descendant and child combinators/Adding leaf elements - 2/Sync', 'TodoMVC-WebComponents/DeletingAllItems/total', 'EmberJS-TodoMVC/Adding100Items/Async', 'VanillaJS-TodoMVC/Adding100Items', 'TodoMVC-Backbone/CompletingAllItems/Sync', 'TodoMVC-Vue/total', 'largestContentfulPaint', 'Structural pseudo classes/Adding leaf elements - 2/Sync', 'Preact-TodoMVC/CompletingAllItems', 'TodoMVC-Angular-Complex-DOM/CompletingAllItems/total', 'TodoMVC-Svelte-Complex-DOM/total', 'Before and after pseudo elements/Adding leaf elements - 0/Sync', 'Sibling combinators/Mutating attributes - 0/Async', 'SpeedIndex', 'Descendant and child combinators/Adding leaf elements - 3/Sync', 'Sibling combinators/Removing leaf elements - 2', 'Vanilla-ES2015-TodoMVC/CompletingAllItems', 'Sibling combinators/Removing classes - 1', 'Structural pseudo classes/Adding leaf elements - 0/Async', 'Descendant and child combinators/Removing leaf elements - 1', 'Sibling combinators/Removing classes - 2', 'Nth pseudo classes/Removing leaf elements - 0/Async', 'Sibling combinators/Adding leaf elements - 1/Sync', 'Structural pseudo classes/Adding leaf elements - 0', 'Structural pseudo classes/Removing leaf elements - 0/Async', 'Nth pseudo classes/Removing leaf elements - 4', 'Sibling combinators/Removing leaf elements - 4', 'jQuery-TodoMVC/CompletingAllItems', 'Sibling combinators/Removing classes - 1/Async', 'TodoMVC-WebComponents/total', 'Structural pseudo classes/Adding classes - 0/Async', 'Nth pseudo classes/Removing leaf elements - 0', 'Structural pseudo classes/Adding leaf elements - 4/Sync', 'Sibling combinators/Adding classes - 1', 'Sibling combinators/Mutating attributes - 0', 'Sibling combinators/Removing leaf elements - 0', 'Sibling combinators/Removing classes - 2/Async', 'Vanilla-ES2015-Babel-Webpack-TodoMVC/CompletingAllItems/Sync', 'TodoMVC-JavaScript-ES5/CompletingAllItems/total', 'TodoMVC-Vue/CompletingAllItems/Async', 'Sibling combinators/Adding classes - 1/Async', 'TodoMVC-Svelte-Complex-DOM/CompletingAllItems/Sync', 'Structural pseudo classes/Adding classes - 1/Async', 'Descendant and child combinators/Removing leaf elements - 2/Sync', 'Sibling combinators', 'total', 'Structural pseudo classes/Adding classes - 3/Async', 'Before and after pseudo elements/Removing leaf elements - 4', 'Descendant and child combinators/Adding leaf elements - 0/Sync', 'Structural pseudo classes/Removing leaf elements - 0/Sync', 'Sibling combinators/Adding classes - 0/Async', 'TodoMVC-React-Complex-DOM/Adding100Items/Async', 'EmberJS-Debug-TodoMVC/DeletingItems/Async', 'Editor-TipTap/Highlight/total', 'Descendant and child combinators/Adding leaf elements - 4/Sync', 'TodoMVC-jQuery/Adding100Items/Async', 'Descendant and child combinators/Adding leaf elements - 1', 'TodoMVC-Vue/CompletingAllItems/total', 'Angular2-TypeScript-TodoMVC/Adding100Items/Async', 'React-TodoMVC/DeletingAllItems/Sync', 'Descendant and child combinators/Removing classes - 1', 'Descendant and child combinators', 'TodoMVC-React-Complex-DOM/Adding100Items/total', 'NewsSite-Next/NavigateToUS/Sync', 'NewsSite-Next/total', 'total', 'ContentfulSpeedIndex', 'TodoMVC-Angular-Complex-DOM/Adding100Items/Async', 'NewsSite-Nuxt/total', 'Nth pseudo classes/Adding leaf elements - 1', 'Charts-observable-plot/Stacked by 20/Sync', 'Structural pseudo classes/Removing leaf elements - 4', 'Editor-TipTap/Long/total', 'Sibling combinators/Removing classes - 3', 'TodoMVC-Backbone/CompletingAllItems/total', 'Descendant and child combinators/Removing classes - 1/Async', 'Nth pseudo classes/Adding classes - 3/Async', 'TodoMVC-Vue/CompletingAllItems/Async', 'Sibling combinators/Adding leaf elements - 2', 'Structural pseudo classes/Adding leaf elements - 2', 'VueJS-TodoMVC', 'VueJS-TodoMVC/Adding100Items/Async', 'TodoMVC-Svelte-Complex-DOM/Adding100Items/Sync', 'TodoMVC-React-Complex-DOM/CompletingAllItems/total', 'TodoMVC-Vue/DeletingAllItems/Sync', 'VueJS-TodoMVC/CompletingAllItems/Async', 'Preact-TodoMVC/Adding100Items', 'TodoMVC-Lit-Complex-DOM/Adding100Items/Sync', 'Perf-Dashboard/SelectingRange/Sync', 'NewsSite-Nuxt/NavigateToUS/Sync', 'TodoMVC-Backbone/DeletingAllItems/Sync', 'Perf-Dashboard/SelectingRange/total', 'TodoMVC-WebComponents/CompletingAllItems/Sync', 'TodoMVC-React-Complex-DOM/total', 'TodoMVC-React-Complex-DOM/DeletingAllItems/Sync', 'Charts-observable-plot/total', 'TodoMVC-Backbone/CompletingAllItems/Sync', 'React-Stockcharts-SVG/ZoomTheChart/Sync', 'NewsSite-Nuxt/NavigateToUS/total', 'ContentfulSpeedIndex', 'largestContentfulPaint', 'SpeedIndex', 'TodoMVC-JavaScript-ES5/CompletingAllItems/Async', 'TodoMVC-Backbone/DeletingAllItems/total', 'TodoMVC-WebComponents/DeletingAllItems/Sync', 'React-Stockcharts-SVG/PanTheChart/total', 'React-Stockcharts-SVG/PanTheChart/Async', 'TodoMVC-WebComponents/CompletingAllItems/total', 'Perf-Dashboard/total', 'TodoMVC-React-Redux/Adding100Items/Async', 'Structural pseudo classes/Adding classes - 4/Sync', 'Before and after pseudo elements/Adding classes - 2/Sync', 'Nth pseudo classes/Removing leaf elements - 3', 'Before and after pseudo elements', 'TodoMVC-JavaScript-ES6-Webpack-Complex-DOM/DeletingAllItems/Async', 'TodoMVC-React-Complex-DOM/Adding100Items/Sync', 'React-Stockcharts-SVG/total', 'React-Stockcharts-SVG/ZoomTheChart/total', 'BackboneJS-TodoMVC/DeletingAllItems', 'Inferno-TodoMVC', 'React-Redux-TodoMVC/DeletingItems/Sync', 'TodoMVC-React-Complex-DOM/Adding100Items/total', 'NewsSite-Nuxt/NavigateToUS/Async', 'Perf-Dashboard/total', 'Nth pseudo classes/Adding classes - 2', 'Nth pseudo classes/Adding leaf elements - 4/Sync', 'Nth pseudo classes/Adding leaf elements - 3/Sync', 'BackboneJS-TodoMVC/DeletingAllItems/Sync', 'AngularJS-TodoMVC/DeletingAllItems/Async', 'TodoMVC-JavaScript-ES6-Webpack-Complex-DOM/DeletingAllItems/total', 'TodoMVC-React-Complex-DOM/CompletingAllItems/Sync', 'TodoMVC-Lit-Complex-DOM/CompletingAllItems/Sync', 'jQuery-TodoMVC/DeletingAllItems', 'NewsSite-Next/NavigateToWorld/total', 'Descendant and child combinators/Removing leaf elements - 3/Sync', 'Angular2-TypeScript-TodoMVC/Adding100Items/Sync', 'NewsSite-Next/NavigateToPolitics/Sync', 'BackboneJS-TodoMVC/Adding100Items/Async', 'Angular2-TypeScript-TodoMVC', 'React-Redux-TodoMVC/CompletingAllItems/Async', 'TodoMVC-WebComponents/CompletingAllItems/total', 'TodoMVC-Lit-Complex-DOM/DeletingAllItems/Async', 'NewsSite-Next/NavigateToUS/Sync', 'Sibling combinators/Adding leaf elements - 3/Sync', 'Before and after pseudo elements/Adding leaf elements - 3/Sync', 'Elm-TodoMVC/DeletingItems', 'React-Redux-TodoMVC/Adding100Items', 'Charts-observable-plot/Dotted/Async', 'Vanilla-ES2015-TodoMVC/DeletingItems', 'TodoMVC-React-Complex-DOM/CompletingAllItems/Async', 'Structural pseudo classes/Removing leaf elements - 4/Sync', 'Inferno-TodoMVC/CompletingAllItems/Sync', 'Structural pseudo classes/Adding leaf elements - 3/Sync', 'Before and after pseudo elements/Removing leaf elements - 4/Sync', 'TodoMVC-jQuery/total', 'EmberJS-Debug-TodoMVC/CompletingAllItems', 'LastVisualChange', 'VanillaJS-TodoMVC/Adding100Items/Sync', 'TodoMVC-Preact-Complex-DOM/Adding100Items/Sync', 'Charts-chartjs/Draw opaque scatter/Sync', 'TodoMVC-Lit-Complex-DOM/total', 'Before and after pseudo elements/Adding leaf elements - 2/Sync', 'Elm-TodoMVC/CompletingAllItems/Async', 'React-Redux-TodoMVC/Adding100Items/Async', 'Vanilla-ES2015-Babel-Webpack-TodoMVC/DeletingItems', 'Editor-TipTap/total', 'Structural pseudo classes/Removing leaf elements - 3/Sync', 'Preact-TodoMVC', 'Flight-TodoMVC/CompletingAllItems/Sync', 'Angular2-TypeScript-TodoMVC/DeletingItems/Sync', 'VanillaJS-TodoMVC/DeletingAllItems/Sync', 'Vanilla-ES2015-TodoMVC/CompletingAllItems/Sync', 'TodoMVC-JavaScript-ES5/CompletingAllItems/Sync', 'TodoMVC-WebComponents/DeletingAllItems/total', 'NewsSite-Next/NavigateToPolitics/Sync', 'Inferno-TodoMVC/DeletingItems/Sync', 'React-Redux-TodoMVC/DeletingItems', 'Vanilla-ES2015-Babel-Webpack-TodoMVC/Adding100Items/Async', 'Charts-observable-plot/Stacked by 20/Sync', 'Charts-chartjs/Draw scatter/total', 'jQuery-TodoMVC/CompletingAllItems/Sync', 'Sibling combinators/Adding leaf elements - 0/Sync', 'Before and after pseudo elements/Removing leaf elements - 0/Sync', 'Flight-TodoMVC/DeletingItems/Async', 'React-TodoMVC/Adding100Items', 'TodoMVC-React-Complex-DOM/total', 'Editor-TipTap/Long/Sync', 'Vanilla-ES2015-Babel-Webpack-TodoMVC/CompletingAllItems/Async', 'jQuery-TodoMVC/DeletingAllItems/Sync', 'VueJS-TodoMVC/Adding100Items/Sync', 'Inferno-TodoMVC/DeletingItems', 'SpeedIndex', 'NewsSite-Next/total', 'React-Stockcharts-SVG/Render/Async', 'Structural pseudo classes/Adding leaf elements - 0/Sync', 'Sibling combinators/Adding leaf elements - 2/Sync', 'EmberJS-TodoMVC/DeletingItems/Async', 'Angular2-TypeScript-TodoMVC/CompletingAllItems/Async', 'NewsSite-Nuxt/total', 'TodoMVC-JavaScript-ES5/DeletingAllItems/Sync', 'React-Stockcharts-SVG/PanTheChart/Async', 'jQuery-TodoMVC/DeletingAllItems/Async', 'Flight-TodoMVC/DeletingItems/Sync', 'React-Redux-TodoMVC', 'Angular2-TypeScript-TodoMVC/CompletingAllItems', 'Editor-TipTap/Long/total', 'NewsSite-Nuxt/NavigateToPolitics/total', 'Descendant and child combinators/Removing leaf elements - 0/Sync', 'Descendant and child combinators/Adding leaf elements - 1/Sync', '', 'AngularJS-TodoMVC/Adding100Items/Async', 'BackboneJS-TodoMVC/CompletingAllItems', 'Flight-TodoMVC/CompletingAllItems/Async', 'Elm-TodoMVC/DeletingItems/Async', 'React-Redux-TodoMVC/Adding100Items/Sync', 'Flight-TodoMVC/Adding100Items/Async', '', 'Inferno-TodoMVC/CompletingAllItems/Async', 'Elm-TodoMVC/DeletingItems/Sync', 'Inferno-TodoMVC/CompletingAllItems', 'LastVisualChange', 'largestContentfulPaint', 'LastVisualChange', 'loadtime', 'ContentfulSpeedIndex', 'loadtime']"
1908848,"['', '']"
1905897,"['console.log-in-loop-content-process-string', 'console.log-in-loop-content-process-node', 'console.log-in-loop-content-process-window', 'console.log-in-loop-content-process-undefined', 'console.log-in-loop-content-process-typedarray', 'console.log-in-loop-content-process-promise', 'console.log-in-loop-content-process-infinity', 'console.log-in-loop-content-process-number', 'console.log-in-loop-content-process-symbol', 'console.log-in-loop-content-process-set', 'console.log-in-loop-content-process-object', 'console.log-in-loop-content-process-nodelist', 'console.log-in-loop-content-process-nan', 'console.log-in-loop-content-process-document', 'console.log-in-loop-content-process-nodelist', 'console.log-in-loop-content-process-promise', 'console.log-in-loop-content-process-symbol', 'console.log-in-loop-content-process-set', 'console.log-in-loop-content-process-error', 'console.log-in-loop-content-process-node', 'console.log-in-loop-content-process-nan', 'console.log-in-loop-content-process-date', 'console.log-in-loop-content-process-bigint', 'console.log-in-loop-content-process-string', 'console.log-in-loop-content-process-undefined', 'console.log-in-loop-content-process-string', 'console.log-in-loop-content-process-longstring', 'console.log-in-loop-content-process-bool', 'console.log-in-loop-content-process-array', 'console.log-in-loop-content-process-nodelist', 'console.log-in-loop-content-process-window', 'console.log-in-loop-content-process-symbol', 'console.log-in-loop-content-process-symbol', 'console.log-in-loop-content-process-undefined', 'console.log-in-loop-content-process-window', 'console.log-in-loop-content-process-set', 'console.log-in-loop-content-process-typedarray', 'console.log-in-loop-content-process-set', 'console.log-in-loop-content-process-node', 'console.log-in-loop-content-process-longstring', 'console.log-in-loop-content-process-bigint', 'console.log-in-loop-content-process-window', 'console.log-in-loop-content-process-window', 'console.log-in-loop-content-process-string', 'console.log-in-loop-content-process-symbol', 'console.log-in-loop-content-process-set', 'console.log-in-loop-content-process-promise', 'console.log-in-loop-content-process-typedarray', 'console.log-in-loop-content-process-typedarray', 'console.log-in-loop-content-process-undefined', 'console.log-in-loop-content-process-set', 'console.log-in-loop-content-process-symbol', 'console.log-in-loop-content-process-date', 'console.log-in-loop-content-process-number', 'console.log-in-loop-content-process-string', 'console.log-in-loop-content-process-nodelist', 'console.log-in-loop-content-process-error', 'console.log-in-loop-content-process-bool', 'console.log-in-loop-content-process-document', 'console.log-in-loop-content-process-null', 'console.log-in-loop-content-process-document', 'console.log-in-loop-content-process-map', 'console.log-in-loop-content-process-array', 'console.log-in-loop-content-process-node', 'console.log-in-loop-content-process-date', 'console.log-in-loop-content-process-typedarray', 'console.log-in-loop-content-process-undefined', 'console.log-in-loop-content-process-typedarray', 'console.log-in-loop-content-process-number', 'console.log-in-loop-content-process-null', 'console.log-in-loop-content-process-promise', 'console.log-in-loop-content-process-map', 'console.log-in-loop-content-process-null', 'console.log-in-loop-content-process-error', 'console.log-in-loop-content-process-object', 'console.log-in-loop-content-process-nodelist', 'console.log-in-loop-content-process-infinity', 'console.log-in-loop-content-process-bool', 'console.log-in-loop-content-process-array', 'console.log-in-loop-content-process-bool', 'console.log-in-loop-content-process-document', 'console.log-in-loop-content-process-longstring', 'console.log-in-loop-content-process-window', 'console.log-in-loop-content-process-map', 'console.log-in-loop-content-process-string', 'console.log-in-loop-content-process-window', 'console.log-in-loop-content-process-string', 'console.log-in-loop-content-process-set', 'console.log-in-loop-content-process-null', 'console.log-in-loop-content-process-infinity', 'console.log-in-loop-content-process-longstring', 'console.log-in-loop-content-process-promise', 'console.log-in-loop-content-process-bigint', 'console.log-in-loop-content-process-number', 'console.log-in-loop-content-process-map', 'console.log-in-loop-content-process-node', 'console.log-in-loop-content-process-array', 'console.log-in-loop-content-process-undefined', 'console.log-in-loop-content-process-symbol', 'console.log-in-loop-content-process-typedarray', 'console.log-in-loop-content-process-undefined', 'console.log-in-loop-content-process-object', 'console.log-in-loop-content-process-nodelist', 'console.log-in-loop-content-process-null', 'console.log-in-loop-content-process-document', 'console.log-in-loop-content-process-error', 'console.log-in-loop-content-process-nan', 'console.log-in-loop-content-process-bool', 'console.log-in-loop-content-process-date', 'console.log-in-loop-content-process-nan', 'console.log-in-loop-content-process-promise', 'console.log-in-loop-content-process-node', 'console.log-in-loop-content-process-error', 'console.log-in-loop-content-process-infinity', 'console.log-in-loop-content-process-infinity', 'console.log-in-loop-content-process-bigint', 'console.log-in-loop-content-process-number', 'console.log-in-loop-content-process-longstring', 'console.log-in-loop-content-process-map', 'console.log-in-loop-content-process-document', 'console.log-in-loop-content-process-map', 'console.log-in-loop-content-process-nan', 'console.log-in-loop-content-process-array', 'console.log-in-loop-content-process-bool', 'console.log-in-loop-content-process-error', 'console.log-in-loop-content-process-object', 'console.log-in-loop-content-process-longstring', 'console.log-in-loop-content-process-null', 'console.log-in-loop-content-process-date', 'console.log-in-loop-content-process-promise', 'console.log-in-loop-content-process-bigint', 'console.log-in-loop-content-process-map', 'console.log-in-loop-content-process-node', 'console.log-in-loop-content-process-array', 'console.log-in-loop-content-process-bool', 'console.log-in-loop-content-process-nan', 'console.log-in-loop-content-process-document', 'console.log-in-loop-content-process-object', 'console.log-in-loop-content-process-nodelist', 'console.log-in-loop-content-process-date', 'console.log-in-loop-content-process-infinity', 'console.log-in-loop-content-process-error', 'console.log-in-loop-content-process-date', 'console.log-in-loop-content-process-nan', 'console.log-in-loop-content-process-number', 'console.log-in-loop-content-process-bigint', 'console.log-in-loop-content-process-longstring', 'console.log-in-loop-content-process-null', 'console.log-in-loop-content-process-object', 'console.log-in-loop-content-process-infinity', 'console.log-in-loop-content-process-array', 'console.log-in-loop-content-process-object', 'console.log-in-loop-content-process-number', 'console.log-in-loop-content-process-bigint']"
1899615,"['Perf-Dashboard/SelectingPoints/Sync', 'Perf-Dashboard/SelectingPoints/total']"
1906444,['fcp']
1906409,[]
1905863,['content-process-startup']
1904810,"['TodoMVC-Svelte-Complex-DOM/DeletingAllItems/Async', 'TodoMVC-Svelte-Complex-DOM/DeletingAllItems/total']"
1904545,[]
1904878,"['', '', '', '', '', '', '', '', '']"
1903523,['']
1904878,"['', '', '', '', '', '', '', '', '', '']"
1903713,"['num_static_constructors', 'num_static_constructors', 'num_static_constructors', 'num_static_constructors', 'num_static_constructors']"
1902302,['PerceptualSpeedIndex']
1902251,"['LastVisualChange', 'LastVisualChange', 'loadtime', 'LastVisualChange', 'LastVisualChange', 'LastVisualChange', 'LastVisualChange', 'largestContentfulPaint', 'largestContentfulPaint', 'PerceptualSpeedIndex', 'loadtime', 'FirstVisualChange', 'LastVisualChange', 'LastVisualChange', 'largestContentfulPaint', 'loadtime', 'LastVisualChange', 'fcp', 'FirstVisualChange', 'LastVisualChange']"
1901222,['Nth pseudo classes/Adding leaf elements - 4']
1901213,['Perf-Dashboard/SelectingRange/Sync']
1902249,['']
1901316,['issue15292.pdf']
1901312,"['bug1791583.pdf', 'bug1791583.pdf', 'bug1791583.pdf']"
1900105,['tiling-pattern-box.pdf']
1899607,['bug1260585.pdf']
1899324,['style-attr-1.html']
1900101,[]
1899128,"['ContentfulSpeedIndex', 'PerceptualSpeedIndex', 'SpeedIndex', 'loadtime', 'LastVisualChange', 'fcp', 'FirstVisualChange', 'SpeedIndex', 'largestContentfulPaint', 'loadtime', 'PerceptualSpeedIndex', 'fcp', 'ContentfulSpeedIndex', 'fcp', 'ContentfulSpeedIndex', 'FirstVisualChange', 'loadtime', 'fcp', 'SpeedIndex', 'FirstVisualChange', 'LastVisualChange', 'largestContentfulPaint', 'ContentfulSpeedIndex', 'fcp', 'PerceptualSpeedIndex', 'loadtime', 'FirstVisualChange', 'SpeedIndex', 'loadtime', 'LastVisualChange', 'FirstVisualChange', 'SpeedIndex', 'LastVisualChange', 'ContentfulSpeedIndex', 'fcp', 'PerceptualSpeedIndex', 'loadtime', 'LastVisualChange', 'fcp', 'largestContentfulPaint', 'largestContentfulPaint', 'PerceptualSpeedIndex', 'loadtime', 'PerceptualSpeedIndex', 'FirstVisualChange', 'largestContentfulPaint', 'FirstVisualChange', 'largestContentfulPaint', 'FirstVisualChange', 'SpeedIndex', 'PerceptualSpeedIndex', 'SpeedIndex', 'SpeedIndex', 'ContentfulSpeedIndex', 'FirstVisualChange', 'LastVisualChange', 'ContentfulSpeedIndex', 'SpeedIndex', 'FirstVisualChange', 'LastVisualChange', 'LastVisualChange', 'LastVisualChange', 'ContentfulSpeedIndex', 'largestContentfulPaint', 'fcp', 'largestContentfulPaint', 'SpeedIndex', 'PerceptualSpeedIndex', 'fcp', 'fcp', 'ContentfulSpeedIndex', 'SpeedIndex', 'LastVisualChange', 'SpeedIndex', 'ContentfulSpeedIndex', 'largestContentfulPaint', 'LastVisualChange', 'FirstVisualChange', 'FirstVisualChange', 'ContentfulSpeedIndex', 'fcp', 'ContentfulSpeedIndex', 'loadtime', 'largestContentfulPaint', 'largestContentfulPaint', 'largestContentfulPaint', 'PerceptualSpeedIndex', 'loadtime', 'PerceptualSpeedIndex', 'ContentfulSpeedIndex', 'LastVisualChange', 'LastVisualChange', 'loadtime', 'largestContentfulPaint', 'FirstVisualChange', 'LastVisualChange', 'PerceptualSpeedIndex', 'ContentfulSpeedIndex', 'PerceptualSpeedIndex', 'SpeedIndex', 'FirstVisualChange', 'fcp', 'PerceptualSpeedIndex', 'FirstVisualChange', 'SpeedIndex', 'loadtime', 'SpeedIndex', 'ContentfulSpeedIndex', 'largestContentfulPaint', 'fcp', 'fcp', 'fcp', 'loadtime', 'PerceptualSpeedIndex', 'ContentfulSpeedIndex', 'loadtime', 'largestContentfulPaint', 'PerceptualSpeedIndex', 'SpeedIndex', 'SpeedIndex', 'loadtime', 'loadtime', 'loadtime', 'largestContentfulPaint', 'PerceptualSpeedIndex', 'LastVisualChange', 'PerceptualSpeedIndex', 'SpeedIndex', 'loadtime', 'LastVisualChange', 'LastVisualChange', 'loadtime', 'largestContentfulPaint', 'ContentfulSpeedIndex', 'fcp', 'largestContentfulPaint', 'ContentfulSpeedIndex', 'ContentfulSpeedIndex', 'loadtime', 'fcp', 'SpeedIndex', 'PerceptualSpeedIndex', 'ContentfulSpeedIndex', 'SpeedIndex', 'loadtime', 'ContentfulSpeedIndex', 'largestContentfulPaint', 'FirstVisualChange', 'loadtime', 'fcp', 'largestContentfulPaint', 'SpeedIndex', 'largestContentfulPaint', 'fcp', 'SpeedIndex', 'largestContentfulPaint', 'SpeedIndex', 'PerceptualSpeedIndex', 'ContentfulSpeedIndex', 'fcp', 'LastVisualChange', 'largestContentfulPaint', 'loadtime', 'ContentfulSpeedIndex', 'PerceptualSpeedIndex', 'loadtime', 'SpeedIndex', 'LastVisualChange', 'SpeedIndex', 'LastVisualChange', 'loadtime', 'largestContentfulPaint', 'PerceptualSpeedIndex', 'SpeedIndex', 'ContentfulSpeedIndex', 'PerceptualSpeedIndex', 'ContentfulSpeedIndex', 'loadtime', 'largestContentfulPaint', 'SpeedIndex', 'largestContentfulPaint', 'ContentfulSpeedIndex', 'PerceptualSpeedIndex', 'FirstVisualChange', 'largestContentfulPaint', 'largestContentfulPaint', 'SpeedIndex', 'LastVisualChange', 'LastVisualChange', 'ContentfulSpeedIndex', 'ContentfulSpeedIndex', 'ContentfulSpeedIndex', 'LastVisualChange', 'largestContentfulPaint', 'PerceptualSpeedIndex', 'LastVisualChange', 'loadtime', 'PerceptualSpeedIndex', 'ContentfulSpeedIndex', 'PerceptualSpeedIndex', 'LastVisualChange', 'FirstVisualChange', 'LastVisualChange', 'SpeedIndex', 'loadtime', 'fcp', 'PerceptualSpeedIndex', 'SpeedIndex', 'LastVisualChange', 'fcp', 'SpeedIndex', 'loadtime', 'largestContentfulPaint', 'LastVisualChange', 'loadtime', 'LastVisualChange', 'FirstVisualChange', 'LastVisualChange', 'LastVisualChange', 'FirstVisualChange', 'LastVisualChange', 'LastVisualChange', 'SpeedIndex', 'SpeedIndex', 'LastVisualChange', 'SpeedIndex', 'loadtime', 'largestContentfulPaint', 'loadtime', 'SpeedIndex', 'ContentfulSpeedIndex', 'SpeedIndex', 'fcp', 'loadtime', 'FirstVisualChange', 'largestContentfulPaint', 'largestContentfulPaint', 'fcp', 'LastVisualChange', 'largestContentfulPaint', 'ContentfulSpeedIndex', 'LastVisualChange', 'largestContentfulPaint', 'largestContentfulPaint', 'FirstVisualChange', 'PerceptualSpeedIndex', 'fcp', 'loadtime', 'largestContentfulPaint', 'FirstVisualChange', 'SpeedIndex', 'fcp', 'PerceptualSpeedIndex', 'FirstVisualChange', 'FirstVisualChange', 'ContentfulSpeedIndex', 'fcp', 'PerceptualSpeedIndex', 'loadtime', 'PerceptualSpeedIndex', 'FirstVisualChange', 'ContentfulSpeedIndex', 'LastVisualChange', 'PerceptualSpeedIndex', 'fcp', 'ContentfulSpeedIndex', 'loadtime']"
1898738,['']
1898413,"['EmberJS-Debug-TodoMVC/CompletingAllItems/Sync', 'EmberJS-Debug-TodoMVC/CompletingAllItems']"
1898439,['ContentfulSpeedIndex']
1897946,"['', '', '']"
1897949,['']
1878764,"['style-attr-1.html', 'id-getter-1.html']"
1897951,['']
1897987,['']
1878764,['bloom-basic.html']
1897797,"['', '']"
1897796,['']
1878764,['']
1896837,['']
1878158,['TodoMVC-React-Redux/CompletingAllItems/Sync']
1896121,['']
1894673,"['', 'issue4909.pdf', 'issue5138.pdf']"
1896100,['']
1896379,"['issue8092.pdf', 'issue7115.pdf', 'issue5540.pdf', 'issue2531.pdf', 'issue7855.pdf']"
1892557,"['issue3666.pdf', 'bug1199237.pdf']"
1895683,"['startup_about_home_paint_realworld_webextensions', 'sessionrestore']"
1895719,"['ts_paint', 'startup_about_home_paint_cached', 'sessionrestore_no_auto_restore', 'ext+twinopen:twinopen.html', 'sessionrestore_no_auto_restore', 'ts_paint', 'startup_about_home_paint', 'ext+twinopen:twinopen.html', 'startup_about_home_paint_cached', 'sessionrestore', 'ts_paint_webext']"
1895464,['LastVisualChange']
1892940,['']
1893663,[]
1893456,"['fcp', 'PerceptualSpeedIndex', 'PerceptualSpeedIndex', 'ContentfulSpeedIndex', 'PerceptualSpeedIndex', 'PerceptualSpeedIndex', 'LastVisualChange', 'LastVisualChange', 'largestContentfulPaint', 'SpeedIndex', 'LastVisualChange', 'largestContentfulPaint', 'SpeedIndex', 'LastVisualChange', 'PerceptualSpeedIndex', 'FirstVisualChange', 'FirstVisualChange', 'ContentfulSpeedIndex', 'loadtime', 'PerceptualSpeedIndex', 'fcp', 'LastVisualChange', 'loadtime', 'loadtime', 'loadtime', 'loadtime', 'PerceptualSpeedIndex', 'fcp', 'LastVisualChange', 'PerceptualSpeedIndex', 'LastVisualChange', 'ContentfulSpeedIndex', 'ContentfulSpeedIndex', 'largestContentfulPaint', 'ContentfulSpeedIndex', 'SpeedIndex', 'SpeedIndex', 'ContentfulSpeedIndex', 'SpeedIndex', 'PerceptualSpeedIndex', 'SpeedIndex', 'fcp', 'SpeedIndex', 'LastVisualChange', 'ContentfulSpeedIndex', 'FirstVisualChange', 'largestContentfulPaint', 'loadtime', 'SpeedIndex', 'loadtime', 'LastVisualChange', 'largestContentfulPaint', 'SpeedIndex', 'ContentfulSpeedIndex', 'largestContentfulPaint', 'loadtime', 'fcp', 'LastVisualChange', 'largestContentfulPaint', 'SpeedIndex', 'FirstVisualChange', 'loadtime', 'ContentfulSpeedIndex', 'loadtime', 'largestContentfulPaint', 'ContentfulSpeedIndex', 'largestContentfulPaint', 'SpeedIndex', 'loadtime', 'largestContentfulPaint', 'fcp', 'largestContentfulPaint', 'PerceptualSpeedIndex', 'PerceptualSpeedIndex', 'LastVisualChange', 'loadtime', 'largestContentfulPaint']"
1893113,['']
1887824,['']
1892749,['']
1891263,['LastVisualChange']
1891205,['largestContentfulPaint']
1891227,['time_duration']
1891923,"['ContentfulSpeedIndex', 'FirstVisualChange', 'FirstVisualChange', 'PerceptualSpeedIndex', 'SpeedIndex', 'fcp', 'largestContentfulPaint', 'FirstVisualChange', 'SpeedIndex', 'fcp', 'largestContentfulPaint', 'LastVisualChange', 'PerceptualSpeedIndex', 'SpeedIndex', 'fcp', 'largestContentfulPaint', 'ContentfulSpeedIndex', 'ContentfulSpeedIndex', 'FirstVisualChange', 'LastVisualChange', 'PerceptualSpeedIndex', 'largestContentfulPaint', 'largestContentfulPaint', 'loadtime', 'SpeedIndex', 'fcp', 'largestContentfulPaint', 'ContentfulSpeedIndex', 'PerceptualSpeedIndex', 'SpeedIndex', 'LastVisualChange', 'largestContentfulPaint', 'PerceptualSpeedIndex', 'SpeedIndex', 'fcp', 'ContentfulSpeedIndex', 'FirstVisualChange', 'LastVisualChange', 'PerceptualSpeedIndex', 'largestContentfulPaint', 'fcp', 'FirstVisualChange', 'LastVisualChange', 'FirstVisualChange', 'LastVisualChange', 'largestContentfulPaint', 'ContentfulSpeedIndex', 'FirstVisualChange', 'PerceptualSpeedIndex', 'fcp', 'largestContentfulPaint', 'LastVisualChange', 'SpeedIndex', 'largestContentfulPaint', 'LastVisualChange', 'PerceptualSpeedIndex', 'SpeedIndex', 'largestContentfulPaint', 'PerceptualSpeedIndex', 'ContentfulSpeedIndex', 'LastVisualChange', 'largestContentfulPaint', 'loadtime', 'LastVisualChange', 'largestContentfulPaint', 'fcp', 'largestContentfulPaint', 'PerceptualSpeedIndex', 'SpeedIndex', 'fcp', 'FirstVisualChange', 'LastVisualChange', 'PerceptualSpeedIndex', 'SpeedIndex', 'fcp', 'largestContentfulPaint', 'ContentfulSpeedIndex', 'PerceptualSpeedIndex', 'fcp', 'SpeedIndex', 'SpeedIndex', 'FirstVisualChange', 'PerceptualSpeedIndex', 'fcp', 'ContentfulSpeedIndex', 'SpeedIndex', 'loadtime', 'LastVisualChange', 'PerceptualSpeedIndex', 'FirstVisualChange', 'FirstVisualChange', 'PerceptualSpeedIndex', 'fcp', 'SpeedIndex', 'fcp', 'largestContentfulPaint', 'loadtime', 'LastVisualChange', 'SpeedIndex', 'fcp', 'FirstVisualChange', 'LastVisualChange', 'PerceptualSpeedIndex', 'FirstVisualChange', 'fcp', 'largestContentfulPaint', 'ContentfulSpeedIndex', 'FirstVisualChange', 'PerceptualSpeedIndex', 'fcp', 'ContentfulSpeedIndex', 'PerceptualSpeedIndex', 'fcp', 'SpeedIndex', 'SpeedIndex', 'LastVisualChange', 'PerceptualSpeedIndex', 'SpeedIndex', 'fcp', 'ContentfulSpeedIndex', 'LastVisualChange', 'SpeedIndex', 'largestContentfulPaint', 'largestContentfulPaint', 'ContentfulSpeedIndex', 'FirstVisualChange', 'PerceptualSpeedIndex', 'SpeedIndex', 'fcp', 'largestContentfulPaint', 'FirstVisualChange', 'LastVisualChange', 'PerceptualSpeedIndex', 'SpeedIndex', 'largestContentfulPaint', 'LastVisualChange', 'LastVisualChange', 'fcp', 'largestContentfulPaint', 'loadtime', 'PerceptualSpeedIndex', 'LastVisualChange', 'ContentfulSpeedIndex', 'fcp', 'SpeedIndex']"
1891666,"['', '', '']"
1890515,['']
